1,200,"Starting at Bay I at Lansdowne Exchange (Stop ID: 104200).  On Lansdowne St (going west), travel 0.9 km.  Continue Straight on Victoria St W (going west), travel 0.7 km.  Take Victoria St Onramp on Left (going west), travel 0.2 km.  Merge on Overlander Bridge (going north), travel 0.5 km.  Continue on Fortune Dr (going north), travel 38 meters.  Turn Right on Tranquille Rd (going north-east), travel 2.3 km.  Turn Right on Sydney Ave (going north-east), travel 0.2 km.  Continue Straight on 7th St (going north-east), travel 14 meters.  Turn Left on Fortune Dr (going north-west), travel 0.5 km.  Continue on Tranquille Rd (going west), travel 4.2 km.  Turn Right on Crestline St (going north), travel 0.4 km.  Finish at northbound Crestline FS Greenfield (Stop ID: 104227)."


1,202,"Starting at westbound Tranquille FS Windbreak (Stop ID: 104221).  On Tranquille Rd (going west), travel 1.3 km.  Turn Right on Crestline St (going north), travel 0.4 km.  Finish at northbound Crestline FS Greenfield (Stop ID: 104227)."
10,100,"Starting at Bay A at TRU Exchange (Stop ID: 104907).  On bus Lane (going north-east), travel 0.2 km.  Turn Right on Dalhousie Dr (going south-east), travel 0.5 km.  Turn Right on McGill Rd (going west), travel 1.5 km.  Continue Straight on University Dr N (going north), travel 0.5 km.  Continue Straight on Hillside Dr N (going east), travel 0.7 km.  Continue Straight on Guerin Creek Way (going north-east), travel 13 meters.  Turn Left on Summit Dr (going north-west), travel 0.7 km.  Continue Straight on Victoria St W (going north-west), travel 1.0 km.  Take Victoria St Onramp on Right (going east), travel 0.7 km.  Merge on Overlander Bridge (going north), travel 0.5 km.  Continue on Fortune Dr (going north), travel 2.0 km.  Turn Left on 7th St (going south-west), travel 14 meters.  Continue Straight on Sydney Ave (going south-west), travel 0.1 km.  Finish at Bay F at North Shore Exchange (Stop ID: 104614)."
10,200,"Starting at Bay F at North Shore Exchange (Stop ID: 104614).  On Sydney Ave (going west), travel 0.1 km.  Turn Left on Tranquille Rd (going south-east), travel 2.1 km.  Continue Straight on Fortune Dr (going south), travel 0.1 km.  Continue on Overlander Bridge (going south), travel 0.4 km.  Take Victoria St Offramp on Right (going south-west), travel 88 meters.  Merge on Victoria St W (going north-west), travel 1.3 km.  Turn Left on Summit Dr (going south-east), travel 0.7 km.  Take turning lane on Right (going south-east), travel 90 meters.  Merge on Hillside Dr N (going south-west), travel 0.7 km.  Continue Straight on University Dr N (going west), travel 0.5 km.  Continue Straight on McGill Rd (going south), travel 1.0 km.  Turn Left on Hillside Dr (going north), travel 0.3 km.  Turn Right on bus Lane (going south-east), travel 33 meters.  Finish at Bay A at TRU Exchange (Stop ID: 104907)."
13,100,"Starting at northbound Old Highway 5 FS Creek (Stop ID: 104625).  On Old Highway 5 (going north-east), travel 0.2 km.  Turn Left on Yellowhead Highway No 5 North (going south-west), travel 8.6 km.  Turn Right on Puett Ranch Rd (going west), travel 0.3 km.  Turn Right on Cammeray Dr (going north), travel 0.8 km.  Turn Left on Reighmount Dr (going west), travel 0.6 km.  Turn Left on Spurraway Rd (going south), travel 79 meters.  Turn Right on Aspen Park Dr (going west), travel 0.4 km.  Turn Left on Helmcken Dr (going east), travel 0.2 km.  Turn Right on Spurraway Rd (going south), travel 0.4 km.  Turn Right on Puett Ranch Rd (going west), travel 0.2 km.  Turn Left on Furiak Rd (going south), travel 0.5 km.  Turn Left on Mattoch-McKeague Rd (going east), travel 0.5 km.  Turn Right on Old Highway 5 (going south), travel 0.4 km.  Turn Right on Yellowhead Highway No 5 North (going south), travel 9.0 km.  Turn Right on Halston Connector Rd (going west), travel 1.7 km.  Continue on Halston Bridge (going south-west), travel 0.4 km.  Continue on Halston Ave (going south-west), travel 0.7 km.  Turn Left on 8th St (going south-east), travel 1.1 km.  Continue Straight on Tranquille Rd (going south), travel 0.2 km.  Turn Left on Sydney Ave (going north-east), travel 0.1 km.  Finish at Bay A at North Shore Exchange (Stop ID: 104618)."
13,101,"Starting at westbound Puett Ranch FS Old Highway 5 (Stop ID: 104626).  On Puett Ranch Rd (going west), travel 0.2 km.  Turn Right on Cammeray Dr (going north), travel 0.8 km.  Turn Left on Reighmount Dr (going west), travel 0.6 km.  Turn Left on Spurraway Rd (going south), travel 79 meters.  Turn Right on Aspen Park Dr (going west), travel 0.4 km.  Turn Left on Helmcken Dr (going east), travel 0.2 km.  Turn Right on Spurraway Rd (going south), travel 0.4 km.  Turn Right on Puett Ranch Rd (going west), travel 0.2 km.  Turn Left on Furiak Rd (going south), travel 0.5 km.  Turn Left on Mattoch-McKeague Rd (going east), travel 0.5 km.  Turn Right on Old Highway 5 (going south), travel 0.4 km.  Turn Right on Yellowhead Highway No 5 North (going south), travel 9.0 km.  Turn Right on Halston Connector Rd (going west), travel 1.7 km.  Continue on Halston Bridge (going south-west), travel 0.4 km.  Continue on Halston Ave (going south-west), travel 0.7 km.  Turn Left on 8th St (going south-east), travel 1.1 km.  Continue Straight on Tranquille Rd (going south), travel 0.2 km.  Turn Left on Sydney Ave (going north-east), travel 0.1 km.  Finish at Bay A at North Shore Exchange (Stop ID: 104618)."
13,200,"Starting at Bay A at North Shore Exchange (Stop ID: 104618).  On Sydney Ave (going east), travel 0.1 km.  Continue Straight on 7th St (going north-east), travel 14 meters.  Turn Left on Fortune Dr (going north-west), travel 0.3 km.  Turn Right on 8th St (going north), travel 1.0 km.  Take Halston Ave Offramp on Right (going north), travel 0.2 km.  Merge on Halston Ave (going north-east), travel 0.5 km.  Continue on Halston Bridge (going north-east), travel 0.4 km.  Continue on Halston Connector Rd (going north-east), travel 1.7 km.  Continue Straight on Halston Ave (going east), travel 14 meters.  Turn Left on Yellowhead Highway No 5 North (going north), travel 9.0 km.  Turn Left on Devick Rd (going west), travel 10 meters.  Continue Straight on Old Highway 5 (going west), travel 1.1 km.  Turn Left on Puett Ranch Rd (going west), travel 0.2 km.  Turn Left on Yellowhead Highway No 5 North (going north), travel 6.3 km.  Take turning lane on Right (going north), travel 80 meters.  Merge on Old Highway 5 (going north-east), travel 1.8 km.  Finish at northbound Old Highway 5 FS Creek (Stop ID: 104625)."
14,100,"Starting at Bay A at North Shore Exchange (Stop ID: 104618).  On Sydney Ave (going east), travel 0.1 km.  Continue Straight on 7th St (going north-east), travel 14 meters.  Turn Left on Fortune Dr (going north-west), travel 0.3 km.  Turn Right on 8th St (going north), travel 1.2 km.  Continue Straight on Batchelor Dr (going north-west), travel 0.7 km.  Turn Left on Hillcrest Ave (going south-west), travel 0.4 km.  Turn Right on Southview Terr (going west), travel 0.3 km.  Turn Right on Linthorpe Rd (going east), travel 0.2 km.  Turn Left on Hillcrest Ave (going north), travel 0.2 km.  Turn Left on Batchelor Dr (going north-west), travel 0.7 km.  Turn Right on Grasslands Blvd (going north-east), travel 0.1 km.  Turn Right on Quail Dr (going south-east), travel 0.8 km.  Turn Left on Raven Dr (going west), travel 0.2 km.  Finish at westbound Raven NS Grasslands (Stop ID: 104648)."
14,200,"Starting at westbound Raven NS Grasslands (Stop ID: 104648).  On Raven Dr (going south-west), travel 84 meters.  Turn Left on Grasslands Blvd (going south-west), travel 0.2 km.  Turn Left on Batchelor Dr (going south-east), travel 0.4 km.  Turn Left on Norview Rd (going east), travel 0.6 km.  Turn Right on North River Dr (going south), travel 0.7 km.  Turn Left on Batchelor Dr (going south-east), travel 0.6 km.  Continue Straight on 8th St (going south-east), travel 1.1 km.  Continue Straight on Tranquille Rd (going south), travel 0.2 km.  Turn Left on Sydney Ave (going north-east), travel 0.1 km.  Finish at Bay A at North Shore Exchange (Stop ID: 104618)."
14,201,"Starting at westbound Raven NS Grasslands (Stop ID: 104648).  On Raven Dr (going south-west), travel 84 meters.  Turn Left on Grasslands Blvd (going south-west), travel 0.2 km.  Turn Left on Batchelor Dr (going south-east), travel 0.4 km.  Turn Left on Norview Rd (going east), travel 0.6 km.  Turn Right on North River Dr (going south), travel 0.7 km.  Turn Left on Batchelor Dr (going south-east), travel 0.3 km.  Turn Left on Westsyde Rd (going north-east), travel 7.6 km.  Turn Right on Harrington Rd (going east), travel 0.6 km.  Turn Right on Overlander Dr (going south-west), travel 0.4 km.  Turn Right on Sicamore Dr (going north-west), travel 0.4 km.  Turn Left on Bank Rd (going south), travel 0.2 km.  Turn Right on Overlander Dr (going west), travel 0.2 km.  Continue Straight on Pine Springs Rd (going west), travel 11 meters.  Turn Left on Westsyde Rd (going south), travel 7.1 km.  Turn Left on Batchelor Dr (going south), travel 0.3 km.  Continue Straight on 8th St (going south-east), travel 1.1 km.  Continue Straight on Tranquille Rd (going south), travel 0.2 km.  Turn Left on Sydney Ave (going north-east), travel 0.1 km.  Finish at Bay A at North Shore Exchange (Stop ID: 104618)."
16,100,"Starting at northbound Churchill FS Squamish (Stop ID: 104681).  On Churchill Ave (going north), travel 43 meters.  Turn Left on Capilano Dr (going west), travel 0.4 km.  Turn Right on QuAppelle Blvd (going west), travel 1.9 km.  Turn Right on Highland Rd (going north), travel 2.4 km.  Turn Left on Flamingo Rd (going west), travel 0.2 km.  Turn Right on E Trans-Canada Hwy Frtg (going north), travel 0.4 km.  Turn Left on Industrial Dr (going south), travel 0.2 km.  Turn Right on Falcon Rd (going west), travel 0.3 km.  Turn Left on Oriole Rd (going south), travel 0.4 km.  Turn Right on Valleyview Dr (going west), travel 2.1 km.  Continue Straight on Battle St (going west), travel 0.5 km.  Continue Straight on Columbia St (going south-west), travel 1.6 km.  Turn Right on 6th Ave (going north), travel 0.6 km.  Turn Right on bus Lane (going north-east), travel 0.2 km.  Turn Right on Lansdowne St (going west), travel 26 meters.  Finish at Bay E at Lansdowne Exchange (Stop ID: 104654)."
16,200,"Starting at Bay E at Lansdowne Exchange (Stop ID: 104654).  On Lansdowne St (going west), travel 95 meters.  Turn Left on 6th Ave (going south), travel 97 meters.  Turn Right on Victoria St (going west), travel 0.3 km.  Turn Left on 4th Ave (going south), travel 100 meters.  Turn Left on Seymour St (going east), travel 1.0 km.  Turn Right on Victoria St (going east), travel 0.4 km.  Turn Left on Battle St (going east), travel 1.0 km.  Continue Straight on Valleyview Dr (going east), travel 2.0 km.  Turn Left on Oriole Rd (going north), travel 0.4 km.  Turn Right on Falcon Rd (going east), travel 0.3 km.  Turn Left on Industrial Dr (going north), travel 0.2 km.  Turn Right on E Trans-Canada Hwy Frtg (going east), travel 0.4 km.  Turn Left on Flamingo Rd (going east), travel 0.2 km.  Turn Right on Highland Rd (going south), travel 2.4 km.  Turn Right on QuAppelle Blvd (going west), travel 0.3 km.  Turn Left on Coldwater Dr (going south), travel 0.2 km.  Turn Left on Skeena Dr (going north-east), travel 0.7 km.  Turn Left on Finlay Ave (going north), travel 0.3 km.  Turn Right on QuAppelle Blvd (going east), travel 1.5 km.  Turn Left on Churchill Ave (going north), travel 96 meters.  Finish at northbound Churchill FS Squamish (Stop ID: 104681)."
16,201,"Starting at eastbound Coldwater NS Skeena (Stop ID: 104672).  On Coldwater Dr (going south-east), travel 45 meters.  Turn Left on Skeena Dr (going north-east), travel 0.7 km.  Turn Left on Finlay Ave (going north), travel 0.3 km.  Turn Right on QuAppelle Blvd (going east), travel 1.5 km.  Turn Left on Churchill Ave (going north), travel 96 meters.  Finish at northbound Churchill FS Squamish (Stop ID: 104681)."
2,101,"Starting at northbound Crestline FS Fleetwood (Stop ID: 104291).  On Crestline St (going north), travel 0.4 km.  Turn Right on Briarwood Ave (going east), travel 0.4 km.  Turn Right on Schreiner St (going south), travel 0.2 km.  Turn Left on Parkcrest Ave (going east), travel 1.3 km.  Turn Right on Southill St (going south), travel 0.2 km.  Turn Left on Fleetwood Ave (going east), travel 0.7 km.  Turn Left on Holt St (going north), travel 0.2 km.  Turn Right on Parkcrest Ave (going east), travel 0.8 km.  Continue on Halston Ave (going south-east), travel 0.4 km.  Turn Right on 12th St (going south), travel 0.9 km.  Turn Left on Tranquille Rd (going east), travel 0.5 km.  Continue Straight on Fortune Dr (going east), travel 0.5 km.  Turn Right on Sydney Ave (going south-west), travel 0.1 km.  Finish at Bay E at North Shore Exchange (Stop ID: 104251)."
2,200,"Starting at Bay H at Lansdowne Exchange (Stop ID: 104265).  On Lansdowne St (going west), travel 0.9 km.  Continue Straight on Victoria St W (going west), travel 0.7 km.  Take Victoria St Onramp on Left (going west), travel 0.2 km.  Merge on Overlander Bridge (going north), travel 0.5 km.  Continue on Fortune Dr (going north), travel 38 meters.  Turn Right on Tranquille Rd (going north-east), travel 1.6 km.  Turn Left on Yew St (going west), travel 0.2 km.  Continue Straight on MacKenzie Ave (going north-west), travel 0.4 km.  Turn Right on Willow St (going north-east), travel 0.3 km.  Turn Left on Cottonwood Ave (going north-west), travel 0.5 km.  Turn Right on Kenora Rd (going north-west), travel 0.3 km.  Turn Right on 12th St (going north), travel 1.1 km.  Turn Left on Halston Ave (going west), travel 0.4 km.  Continue on Parkcrest Ave (going north-west), travel 0.8 km.  Turn Left on Holt St (going south), travel 0.2 km.  Turn Right on Fleetwood Ave (going south-west), travel 0.7 km.  Turn Right on Southill St (going north), travel 0.2 km.  Turn Left on Parkcrest Ave (going west), travel 1.3 km.  Turn Left on Schreiner St (going south), travel 0.2 km.  Turn Right on Fleetwood Ave (going west), travel 0.4 km.  Turn Right on Crestline St (going north), travel 30 meters.  Finish at northbound Crestline FS Fleetwood (Stop ID: 104291)."
3,101,"Starting at eastbound Harrington NS Overlander (Stop ID: 104353).  On Harrington Rd (going east), travel 0.1 km.  Turn Right on Overlander Dr (going south-west), travel 0.4 km.  Turn Right on Sicamore Dr (going north-west), travel 0.4 km.  Turn Left on Bank Rd (going south), travel 0.2 km.  Turn Right on Overlander Dr (going west), travel 0.2 km.  Continue Straight on Pine Springs Rd (going west), travel 11 meters.  Turn Left on Westsyde Rd (going south), travel 7.1 km.  Turn Left on Batchelor Dr (going south), travel 0.3 km.  Continue Straight on 8th St (going south-east), travel 1.1 km.  Continue Straight on Tranquille Rd (going south), travel 0.2 km.  Turn Left on Sydney Ave (going north-east), travel 0.1 km.  Finish at Bay B at North Shore Exchange (Stop ID: 104381)."
3,200,"Starting at Bay G at Lansdowne Exchange (Stop ID: 104318).  On Lansdowne St (going west), travel 0.9 km.  Continue Straight on Victoria St W (going west), travel 0.7 km.  Take Victoria St Onramp on Left (going west), travel 0.2 km.  Merge on Overlander Bridge (going north), travel 0.5 km.  Continue on Fortune Dr (going north), travel 2.0 km.  Turn Left on 7th St (going south-west), travel 14 meters.  Continue Straight on Sydney Ave (going south-west), travel 0.2 km.  Turn Right on Tranquille Rd (going north-west), travel 0.2 km.  Continue Straight on 8th St (going north), travel 1.2 km.  Continue Straight on Batchelor Dr (going north-west), travel 0.1 km.  Take turning lane on Right (going north), travel 0.2 km.  Merge on Westsyde Rd (going north-east), travel 7.6 km.  Turn Right on Harrington Rd (going east), travel 0.5 km.  Finish at eastbound Harrington NS Overlander (Stop ID: 104353)."
4,100,"Starting at southbound Pacific FS Aberdeen (Stop ID: 104417).  On Pacific Way (going south), travel 0.6 km.  Turn Left on Abbeyglen Way (going north-east), travel 1.0 km.  Turn Right on Aberdeen Dr (going east), travel 0.5 km.  Turn Left on Van Horne Dr (going north), travel 0.3 km.  Turn Left on Laurier Dr (going west), travel 0.3 km.  Turn Right on Garymede Dr (going north), travel 0.5 km.  Turn Left on Greystone Cres (going north-west), travel 0.2 km.  Turn Right on Pacific Way (going north-west), travel 1.7 km.  Turn Right on Hillside Dr (going east), travel 0.4 km.  Turn Right on mall access (going south-east), travel 0.3 km.  Turn Right on Hillside Dr (going north-east), travel 1.8 km.  Turn Right on bus Lane (going south-east), travel 0.2 km.  Turn Right on Dalhousie Dr (going south-east), travel 0.5 km.  Turn Left on McGill Rd (going east), travel 2.0 km.  Turn Left on Bestwick Dr (going north), travel 0.4 km.  Turn Right on Sahali Terr (going north), travel 0.4 km.  Turn Right on Columbia St W (going south-east), travel 0.4 km.  Continue Straight on Columbia St (going east), travel 0.3 km.  Turn Left on 3rd Ave (going north), travel 0.4 km.  Turn Right on Seymour St (going east), travel 0.5 km.  Turn Left on 6th Ave (going north), travel 0.2 km.  Turn Right on bus Lane (going north-east), travel 0.2 km.  Turn Right on Lansdowne St (going west), travel 46 meters.  Finish at Bay F at Lansdowne Exchange (Stop ID: 104389)."
4,101,"Starting at southbound Pacific FS Aberdeen (Stop ID: 104417).  On Pacific Way (going south), travel 0.6 km.  Turn Left on Abbeyglen Way (going north-east), travel 1.0 km.  Turn Right on Aberdeen Dr (going east), travel 0.5 km.  Turn Left on Van Horne Dr (going north), travel 0.3 km.  Turn Left on Laurier Dr (going west), travel 0.3 km.  Turn Right on Garymede Dr (going north), travel 0.5 km.  Turn Left on Greystone Cres (going north-west), travel 0.2 km.  Turn Right on Pacific Way (going north-west), travel 1.7 km.  Turn Right on Hillside Dr (going east), travel 0.4 km.  Turn Right on mall access (going south-east), travel 0.3 km.  Turn Right on Hillside Dr (going north-east), travel 1.8 km.  Turn Right on bus Lane (going south-east), travel 0.2 km.  Turn Right on Dalhousie Dr (going south-east), travel 0.5 km.  Turn Left on McGill Rd (going east), travel 0.7 km.  Turn Left on Columbia St W (going north), travel 1.4 km.  Continue Straight on Columbia St (going east), travel 0.3 km.  Turn Left on 3rd Ave (going north), travel 0.4 km.  Turn Right on Seymour St (going east), travel 0.5 km.  Turn Left on 6th Ave (going north), travel 0.2 km.  Turn Right on bus Lane (going north-east), travel 0.2 km.  Turn Right on Lansdowne St (going west), travel 46 meters.  Finish at Bay F at Lansdowne Exchange (Stop ID: 104389)."
4,103,"Starting at southbound Pacific FS Aberdeen (Stop ID: 104417).  On Pacific Way (going south), travel 0.6 km.  Turn Left on Abbeyglen Way (going north-east), travel 1.0 km.  Turn Right on Aberdeen Dr (going east), travel 0.5 km.  Turn Left on Van Horne Dr (going north), travel 0.3 km.  Turn Left on Laurier Dr (going west), travel 0.3 km.  Turn Right on Garymede Dr (going north), travel 0.5 km.  Turn Left on Greystone Cres (going north-west), travel 0.2 km.  Turn Right on Pacific Way (going north-west), travel 1.7 km.  Turn Right on Hillside Dr (going east), travel 0.4 km.  Turn Right on mall access (going south-east), travel 0.3 km.  Turn Right on Hillside Dr (going north-east), travel 1.8 km.  Turn Right on bus Lane (going south-east), travel 0.2 km.  Turn Right on Dalhousie Dr (going south-east), travel 0.5 km.  Turn Left on McGill Rd (going east), travel 0.7 km.  Turn Left on Columbia St W (going north), travel 0.6 km.  Turn Left on Grandview Terr (going north), travel 0.6 km.  Turn Right on Centre Ave (going north), travel 0.3 km.  Turn Right on Lombard St (going east), travel 0.2 km.  Turn Right on Strathcona Terr (going south-east), travel 0.5 km.  Turn Left on Battle St W (going east), travel 0.7 km.  Continue Straight on Battle St (going east), travel 0.3 km.  Turn Left on 3rd Ave (going north), travel 0.2 km.  Turn Right on Seymour St (going east), travel 0.5 km.  Turn Left on 6th Ave (going north), travel 0.2 km.  Turn Right on bus Lane (going north-east), travel 0.2 km.  Turn Right on Lansdowne St (going west), travel 46 meters.  Finish at Bay F at Lansdowne Exchange (Stop ID: 104389)."
4,200,"Starting at Bay F at Lansdowne Exchange (Stop ID: 104389).  On Lansdowne St (going west), travel 75 meters.  Turn Left on 6th Ave (going south), travel 97 meters.  Turn Right on Victoria St (going west), travel 0.3 km.  Turn Left on 4th Ave (going south), travel 0.5 km.  Turn Right on Columbia St (going west), travel 0.5 km.  Continue Straight on Columbia St W (going west), travel 0.4 km.  Turn Left on Sahali Terr (going south-west), travel 0.5 km.  Turn Left on Bestwick Dr (going south-east), travel 0.4 km.  Turn Right on McGill Rd (going west), travel 2.0 km.  Turn Right on Dalhousie Dr (going north), travel 0.5 km.  Turn Left on bus Lane (going north-west), travel 0.2 km.  Turn Left on Hillside Dr (going south-west), travel 1.8 km.  Turn Left on mall access (going south), travel 0.3 km.  Turn Left on Hillside Dr (going south-west), travel 0.3 km.  Turn Left on Pacific Way (going south), travel 2.6 km.  Finish at southbound Pacific FS Aberdeen (Stop ID: 104417)."
4,201,"Starting at Bay F at Lansdowne Exchange (Stop ID: 104389).  On Lansdowne St (going west), travel 75 meters.  Turn Left on 6th Ave (going south), travel 97 meters.  Turn Right on Victoria St (going west), travel 0.3 km.  Turn Left on 4th Ave (going south), travel 0.5 km.  Turn Right on Columbia St (going west), travel 0.5 km.  Continue Straight on Columbia St W (going west), travel 1.5 km.  Turn Right on McGill Rd (going west), travel 0.7 km.  Turn Right on Dalhousie Dr (going north), travel 0.5 km.  Turn Left on bus Lane (going north-west), travel 0.2 km.  Turn Left on Hillside Dr (going south-west), travel 1.8 km.  Turn Left on mall access (going south), travel 0.3 km.  Turn Left on Hillside Dr (going south-west), travel 0.3 km.  Turn Left on Pacific Way (going south), travel 2.6 km.  Finish at southbound Pacific FS Aberdeen (Stop ID: 104417)."
5,100,"Starting at westbound Hugh Allan NS Lodgepole (Stop ID: 104462).  On Hugh Allan Dr (going west), travel 97 meters.  Turn Left on Lodgepole Dr (going south), travel 0.8 km.  Turn Left on Copperhead Dr (going north-west), travel 1.3 km.  Turn Right on Hillside Dr (going east), travel 2.0 km.  Turn Right on mall access (going south-east), travel 0.3 km.  Turn Right on Hillside Dr (going north-east), travel 1.8 km.  Turn Right on bus Lane (going east), travel 0.2 km.  Finish at Bay H at TRU Exchange (Stop ID: 104453)."
5,101,"Starting at westbound Hugh Allan NS Lodgepole (Stop ID: 104462).  On Hugh Allan Dr (going west), travel 97 meters.  Turn Left on Lodgepole Dr (going south), travel 0.8 km.  Turn Left on Copperhead Dr (going north-west), travel 1.3 km.  Turn Right on Hillside Dr (going east), travel 2.0 km.  Turn Right on mall access (going south-east), travel 0.3 km.  Turn Right on Hillside Dr (going north-east), travel 1.8 km.  Turn Right on bus Lane (going east), travel 0.2 km.  Turn Left on Hillside Dr (going south-west), travel 0.3 km.  Turn Left on McGill Rd (going east), travel 1.2 km.  Turn Left on Columbia St W (going north), travel 0.6 km.  Turn Left on Grandview Terr (going north), travel 0.6 km.  Turn Right on Centre Ave (going north), travel 0.3 km.  Turn Right on Lombard St (going east), travel 0.2 km.  Turn Right on Strathcona Terr (going south-east), travel 0.5 km.  Turn Left on Battle St W (going east), travel 0.7 km.  Continue Straight on Battle St (going east), travel 0.3 km.  Turn Left on 3rd Ave (going north), travel 0.2 km.  Turn Right on Seymour St (going east), travel 0.5 km.  Turn Left on 6th Ave (going north), travel 0.2 km.  Turn Right on bus Lane (going north-east), travel 44 meters.  Finish at Bay A at Lansdowne Exchange (Stop ID: 104873)."
5,200,"Starting at Bay H at TRU Exchange (Stop ID: 104453).  On bus Lane (going west), travel 50 meters.  Turn Left on Hillside Dr (going south-west), travel 1.8 km.  Turn Left on mall access (going south), travel 0.3 km.  Turn Left on Hillside Dr (going south-west), travel 2.0 km.  Turn Left on Copperhead Dr (going south), travel 1.0 km.  Turn Right on Hugh Allan Dr (going south-west), travel 0.2 km.  Finish at westbound Hugh Allan NS Lodgepole (Stop ID: 104462)."
5,201,"Starting at Bay H at TRU Exchange (Stop ID: 104453).  On bus Lane (going west), travel 50 meters.  Turn Left on Hillside Dr (going south-west), travel 1.8 km.  Turn Left on mall access (going south), travel 0.3 km.  Turn Left on Hillside Dr (going south-west), travel 0.3 km.  Turn Left on Pacific Way (going south), travel 0.4 km.  Turn Right on Hugh Allan Dr (going west), travel 0.2 km.  Take turning lane on Right (going north-west), travel 91 meters.  Merge on Versatile Dr (going north), travel 1.4 km.  Turn Left on Copperhead Dr (going south-west), travel 0.7 km.  Turn Right on Hugh Allan Dr (going south-west), travel 0.2 km.  Finish at westbound Hugh Allan NS Lodgepole (Stop ID: 104462)."
5,202,"Starting at Bay A at Lansdowne Exchange (Stop ID: 104873).  On bus Lane (going east), travel 0.1 km.  Turn Right on Lansdowne St (going west), travel 0.1 km.  Turn Left on 6th Ave (going south), travel 0.6 km.  Turn Right on Columbia St (going west), travel 0.5 km.  Turn Right on 3rd Ave (going north), travel 0.2 km.  Turn Left on Battle St (going west), travel 0.3 km.  Continue Straight on Battle St W (going west), travel 0.7 km.  Turn Right on Strathcona Terr (going north-west), travel 0.5 km.  Turn Left on Lombard St (going south-west), travel 0.2 km.  Turn Left on Centre Ave (going south), travel 0.3 km.  Turn Left on Grandview Terr (going east), travel 0.5 km.  Turn Right on Columbia St W (going west), travel 0.6 km.  Turn Right on McGill Rd (going west), travel 0.7 km.  Turn Right on Dalhousie Dr (going north), travel 0.5 km.  Turn Left on bus Lane (going north-west), travel 0.2 km.  Turn Left on Hillside Dr (going south-west), travel 1.8 km.  Turn Left on mall access (going south), travel 0.3 km.  Turn Left on Hillside Dr (going south-west), travel 2.0 km.  Turn Left on Copperhead Dr (going south), travel 1.0 km.  Turn Right on Hugh Allan Dr (going south-west), travel 0.2 km.  Finish at westbound Hugh Allan NS Lodgepole (Stop ID: 104462)."
6,100,"Starting at Bay D at Lansdowne Exchange (Stop ID: 104479).  On bus Lane (going east), travel 54 meters.  Turn Right on Lansdowne St (going west), travel 0.1 km.  Turn Left on 6th Ave (going south), travel 97 meters.  Turn Right on Victoria St (going west), travel 0.3 km.  Turn Left on 4th Ave (going south), travel 0.5 km.  Turn Left on Columbia St (going east), travel 0.5 km.  Turn Right on 7th Ave (going south), travel 0.6 km.  Continue on Cowan St (going south-west), travel 0.2 km.  Turn Left on 6th Ave (going south), travel 0.2 km.  Continue Straight on Fraser St (going east), travel 1.1 km.  Continue on 11th Ave (going north), travel 0.3 km.  Turn Right on Pine St (going east), travel 0.3 km.  Turn Left on 13th Ave (going north), travel 0.2 km.  Turn Left on Columbia St (going west), travel 0.3 km.  Turn Right on 11th Ave (going north), travel 0.2 km.  Turn Left on Battle St (going west), travel 0.7 km.  Turn Left on 7th Ave (going south), travel 0.2 km.  Turn Right on Columbia St (going west), travel 0.4 km.  Turn Left on 5th Ave (going south), travel 9 meters.  Continue Straight on access road (going south), travel 1.4 km.  Turn Right on 3rd Ave (going north), travel 0.7 km.  Turn Right on Seymour St (going east), travel 0.5 km.  Turn Left on 6th Ave (going north), travel 0.2 km.  Turn Right on bus Lane (going north-east), travel 0.1 km.  Finish at Bay D at Lansdowne Exchange (Stop ID: 104479)."
6,101,"Starting at Bay D at Lansdowne Exchange (Stop ID: 104479).  On bus Lane (going east), travel 54 meters.  Turn Right on Lansdowne St (going west), travel 0.1 km.  Turn Left on 6th Ave (going south), travel 97 meters.  Turn Right on Victoria St (going west), travel 0.3 km.  Turn Left on 4th Ave (going south), travel 0.5 km.  Turn Left on Columbia St (going east), travel 0.5 km.  Turn Right on 7th Ave (going south), travel 0.6 km.  Continue on Cowan St (going south-west), travel 0.2 km.  Turn Left on 6th Ave (going south), travel 0.2 km.  Continue Straight on Fraser St (going east), travel 1.1 km.  Continue on 11th Ave (going north), travel 0.3 km.  Turn Right on Pine St (going east), travel 0.3 km.  Turn Left on 13th Ave (going north), travel 0.2 km.  Turn Left on Columbia St (going west), travel 0.3 km.  Turn Right on 11th Ave (going north), travel 0.2 km.  Turn Left on Battle St (going west), travel 0.7 km.  Turn Left on 7th Ave (going south), travel 0.2 km.  Turn Right on Columbia St (going west), travel 0.7 km.  Turn Right on 3rd Ave (going north), travel 0.4 km.  Turn Right on Seymour St (going east), travel 0.5 km.  Turn Left on 6th Ave (going north), travel 0.2 km.  Turn Right on bus Lane (going north-east), travel 0.1 km.  Finish at Bay D at Lansdowne Exchange (Stop ID: 104479)."
6,102,"Starting at Bay D at Lansdowne Exchange (Stop ID: 104479).  On bus Lane (going east), travel 54 meters.  Turn Right on Lansdowne St (going west), travel 0.1 km.  Turn Left on 6th Ave (going south), travel 97 meters.  Turn Right on Victoria St (going west), travel 0.3 km.  Turn Left on 4th Ave (going south), travel 0.5 km.  Turn Left on Columbia St (going east), travel 0.2 km.  Turn Right on access road (going south), travel 1.4 km.  Turn Right on 3rd Ave (going north), travel 0.3 km.  Turn Right on Columbia St (going east), travel 0.7 km.  Turn Right on 7th Ave (going south), travel 0.6 km.  Continue on Cowan St (going south-west), travel 0.2 km.  Turn Left on 6th Ave (going south), travel 0.2 km.  Continue Straight on Fraser St (going east), travel 1.1 km.  Continue on 11th Ave (going north), travel 0.3 km.  Turn Right on Pine St (going east), travel 0.3 km.  Turn Left on 13th Ave (going north), travel 0.2 km.  Turn Left on Columbia St (going west), travel 0.3 km.  Turn Right on 11th Ave (going north), travel 0.2 km.  Turn Left on Battle St (going west), travel 0.7 km.  Turn Left on 7th Ave (going south), travel 0.2 km.  Turn Right on Columbia St (going west), travel 0.7 km.  Turn Right on 3rd Ave (going north), travel 0.4 km.  Turn Right on Seymour St (going east), travel 0.5 km.  Turn Left on 6th Ave (going north), travel 0.2 km.  Turn Right on bus Lane (going north-east), travel 0.1 km.  Finish at Bay D at Lansdowne Exchange (Stop ID: 104479)."
7,101,"Starting at eastbound Laurier NS Sifton (Stop ID: 104534).  On Laurier Dr (going east), travel 0.2 km.  Turn Right on Aberdeen Dr (going north-west), travel 0.8 km.  Turn Right on Van Horne Dr (going north), travel 1.6 km.  Turn Right on Howe Rd (going east), travel 0.5 km.  Turn Left on Hugh Allan Dr (going west), travel 0.8 km.  Turn Right on Rogers Way (going north-east), travel 0.7 km.  Turn Left on Hwy 5A (going north-west), travel 0.3 km.  Continue Straight on Hillside Way (going north), travel 0.3 km.  Take turning lane on Left (going north-west), travel 79 meters.  Merge on Hillside Dr (going north), travel 1.3 km.  Turn Right on McGill Rd (going east), travel 0.4 km.  Turn Right on Dalhousie Dr (going south), travel 0.5 km.  Turn Left on Notre Dame Dr (going east), travel 1.2 km.  Turn Left on Summit Dr (going north-west), travel 1.1 km.  Turn Right on McGill Rd (going north-east), travel 0.3 km.  Turn Left on Columbia St W (going north), travel 1.4 km.  Continue Straight on Columbia St (going east), travel 0.3 km.  Turn Left on 3rd Ave (going north), travel 0.4 km.  Turn Right on Seymour St (going east), travel 0.5 km.  Turn Left on 6th Ave (going north), travel 0.2 km.  Turn Right on bus Lane (going north-east), travel 88 meters.  Finish at Bay C at Lansdowne Exchange (Stop ID: 104504)."
7,200,"Starting at Bay C at Lansdowne Exchange (Stop ID: 104504).  On bus Lane (going east), travel 73 meters.  Turn Right on Lansdowne St (going west), travel 0.1 km.  Turn Left on 6th Ave (going south), travel 0.6 km.  Turn Right on Columbia St (going west), travel 0.8 km.  Continue Straight on Columbia St W (going west), travel 1.5 km.  Turn Right on McGill Rd (going west), travel 0.7 km.  Turn Right on Dalhousie Dr (going north), travel 0.5 km.  Turn Left on bus Lane (going north-west), travel 0.2 km.  Turn Left on Hillside Dr (going south-west), travel 0.3 km.  Turn Left on McGill Rd (going east), travel 0.9 km.  Take turning lane on Right (going east), travel 58 meters.  Merge on Summit Dr (going south-east), travel 1.0 km.  Take turning lane on Right (going south-west), travel 24 meters.  Merge on Notre Dame Dr (going west), travel 1.6 km.  Turn Left on Hillside Dr (going south-east), travel 0.6 km.  Turn Left on Hillside Way (going south-east), travel 0.4 km.  Continue Straight on Hwy 5A (going south), travel 0.2 km.  Take turning lane on Right (going south-east), travel 59 meters.  Merge on Rogers Way (going south-west), travel 0.6 km.  Turn Left on Hugh Allan Dr (going south-east), travel 1.3 km.  Turn Right on Sifton Ave (going south-west), travel 1.3 km.  Turn Left on Laurier Dr (going east), travel 41 meters.  Finish at eastbound Laurier NS Sifton (Stop ID: 104534)."
7,202,"Starting at Bay F at TRU Exchange (Stop ID: 104512).  On bus Lane (going south-west), travel 90 meters.  Turn Left on Hillside Dr (going south-west), travel 0.3 km.  Turn Left on McGill Rd (going east), travel 0.9 km.  Take turning lane on Right (going east), travel 58 meters.  Merge on Summit Dr (going south-east), travel 1.0 km.  Take turning lane on Right (going south-west), travel 24 meters.  Merge on Notre Dame Dr (going west), travel 1.6 km.  Turn Left on Hillside Dr (going south-east), travel 0.6 km.  Turn Left on Hillside Way (going south-east), travel 0.4 km.  Continue Straight on Hwy 5A (going south), travel 0.2 km.  Take turning lane on Right (going south-east), travel 59 meters.  Merge on Rogers Way (going south-west), travel 0.6 km.  Turn Left on Hugh Allan Dr (going south-east), travel 1.3 km.  Turn Right on Sifton Ave (going south-west), travel 1.3 km.  Turn Left on Laurier Dr (going east), travel 41 meters.  Finish at eastbound Laurier NS Sifton (Stop ID: 104534)."
8,100,"Starting at northbound Columbia St W FS Summit (Stop ID: 104558).  On Columbia St W (going north), travel 0.9 km.  Turn Left on Grandview Terr (going north), travel 0.6 km.  Turn Right on Centre Ave (going north), travel 0.3 km.  Turn Right on Lombard St (going east), travel 0.2 km.  Turn Right on Strathcona Terr (going south-east), travel 0.5 km.  Turn Left on Battle St W (going east), travel 0.7 km.  Continue Straight on Battle St (going east), travel 0.3 km.  Turn Left on 3rd Ave (going north), travel 0.2 km.  Turn Right on Seymour St (going east), travel 0.5 km.  Turn Left on 6th Ave (going north), travel 0.2 km.  Turn Right on bus Lane (going north-east), travel 0.1 km.  Finish at Bay D at Lansdowne Exchange (Stop ID: 104479)."
8,200,"Starting at Bay D at Lansdowne Exchange (Stop ID: 104479).  On bus Lane (going east), travel 54 meters.  Turn Right on Lansdowne St (going west), travel 0.1 km.  Turn Left on 6th Ave (going south), travel 0.6 km.  Turn Right on Columbia St (going west), travel 0.5 km.  Turn Right on 3rd Ave (going north), travel 0.2 km.  Turn Left on Battle St (going west), travel 0.3 km.  Continue Straight on Battle St W (going west), travel 0.7 km.  Turn Right on Strathcona Terr (going north-west), travel 0.5 km.  Turn Left on Lombard St (going south-west), travel 0.2 km.  Turn Left on Centre Ave (going south), travel 0.3 km.  Turn Left on Grandview Terr (going east), travel 0.5 km.  Turn Right on Columbia St W (going west), travel 0.6 km.  Turn Right on McGill Rd (going west), travel 0.3 km.  Turn Left on Summit Dr (going south-east), travel 0.4 km.  Turn Left on Columbia St W (going north), travel 88 meters.  Finish at northbound Columbia St W FS Summit (Stop ID: 104558)."
9,101,"Starting at southbound Springhill NS Gleneagles (Stop ID: 104585).  On Springhill Dr (going south-west), travel 43 meters.  Turn Left on Gleneagles Dr (going east), travel 1.8 km.  Turn Right on Whistler Dr (going south), travel 0.4 km.  Turn Right on Robson Lane (going south), travel 97 meters.  Turn Right on Robson Dr (going north-west), travel 1.4 km.  Turn Left on Summit Dr (going east), travel 4.5 km.  Turn Left on McGill Rd (going west), travel 0.5 km.  Turn Right on Dalhousie Dr (going north), travel 0.5 km.  Turn Left on bus Lane (going north-west), travel 0.4 km.  Turn Left on Hillside Dr (going south-west), travel 0.3 km.  Turn Left on McGill Rd (going east), travel 2.5 km.  Turn Left on Bestwick Dr (going north), travel 0.4 km.  Turn Right on Sahali Terr (going north), travel 0.4 km.  Turn Right on Columbia St W (going south-east), travel 0.4 km.  Continue Straight on Columbia St (going east), travel 0.3 km.  Turn Left on 3rd Ave (going north), travel 0.4 km.  Turn Right on Seymour St (going east), travel 0.5 km.  Turn Left on 6th Ave (going north), travel 0.2 km.  Turn Right on bus Lane (going north-east), travel 64 meters.  Finish at Bay B at Lansdowne Exchange (Stop ID: 104577)."
9,200,"Starting at Bay B at Lansdowne Exchange (Stop ID: 104577).  On bus Lane (going east), travel 97 meters.  Turn Right on Lansdowne St (going west), travel 0.1 km.  Turn Left on 6th Ave (going south), travel 97 meters.  Turn Right on Victoria St (going west), travel 0.3 km.  Turn Left on 4th Ave (going south), travel 0.5 km.  Turn Right on Columbia St (going west), travel 0.5 km.  Continue Straight on Columbia St W (going west), travel 1.5 km.  Turn Right on McGill Rd (going west), travel 0.7 km.  Turn Right on Dalhousie Dr (going north), travel 0.5 km.  Turn Left on bus Lane (going north-west), travel 0.2 km.  Turn Left on Hillside Dr (going south-west), travel 0.3 km.  Turn Left on McGill Rd (going east), travel 0.9 km.  Take turning lane on Right (going east), travel 58 meters.  Merge on Summit Dr (going south-east), travel 1.4 km.  Turn Right on Springhill Dr (going south-west), travel 1.8 km.  Finish at southbound Springhill NS Gleneagles (Stop ID: 104585)."
9,201,"Starting at Bay B at Lansdowne Exchange (Stop ID: 104577).  On bus Lane (going east), travel 97 meters.  Turn Right on Lansdowne St (going west), travel 0.1 km.  Turn Left on 6th Ave (going south), travel 97 meters.  Turn Right on Victoria St (going west), travel 0.3 km.  Turn Left on 4th Ave (going south), travel 0.5 km.  Turn Right on Columbia St (going west), travel 0.5 km.  Continue Straight on Columbia St W (going west), travel 0.4 km.  Turn Left on Sahali Terr (going south-west), travel 0.5 km.  Turn Left on Bestwick Dr (going south-east), travel 0.4 km.  Turn Right on McGill Rd (going west), travel 2.0 km.  Turn Right on Dalhousie Dr (going north), travel 0.5 km.  Turn Left on bus Lane (going north-west), travel 0.2 km.  Turn Left on Hillside Dr (going south-west), travel 0.3 km.  Turn Left on McGill Rd (going east), travel 0.9 km.  Take turning lane on Right (going east), travel 58 meters.  Merge on Summit Dr (going south-east), travel 1.4 km.  Turn Right on Springhill Dr (going south-west), travel 1.8 km.  Finish at southbound Springhill NS Gleneagles (Stop ID: 104585)."
9,203,"Starting at Bay B at Lansdowne Exchange (Stop ID: 104577).  On bus Lane (going east), travel 97 meters.  Turn Right on Lansdowne St (going west), travel 0.1 km.  Turn Left on 6th Ave (going south), travel 97 meters.  Turn Right on Victoria St (going west), travel 0.3 km.  Turn Left on 4th Ave (going south), travel 0.5 km.  Turn Right on Columbia St (going west), travel 0.5 km.  Continue Straight on Columbia St W (going west), travel 1.5 km.  Turn Right on McGill Rd (going west), travel 0.7 km.  Turn Right on Dalhousie Dr (going north), travel 0.5 km.  Turn Left on bus Lane (going north-west), travel 0.1 km.  Finish at Bay E at TRU Exchange (Stop ID: 104578)."
